Body / Link,Parent Body,Depth,Hierarchy,Body Position,Body Quaternion,Mass (kg),Inertial Position,Inertial Quaternion,Diagonal Inertia
base_link,worldbody,0,base_link,0 0 0.869244,,9.20601,-0.00481332 -0.00043642 0.263135,1 0.000424804 0.000863188 0.00024888,0.174408 0.123624 0.0612694
RA_link_1,base_link,1,base_link -> RA_link_1,0 -0.186188 0.413673,0.130526 0.991445 0 0,1.0327,0.00576251 0.0336236 1.12826e-05,0.314991 0.310568 0.635431 0.632895,0.000154987 0.000148923 0.000106852
RA_link_2,RA_link_1,2,base_link -> RA_link_1 -> RA_link_2,-0.01005 0.047 0,,0.440997,0.010695 6.77449e-05 0.0145035,0.707745 -0.0432061 -0.0496441 0.703396,0.000101463 9.89769e-05 9.14257e-05
RA_link_3,RA_link_2,3,base_link -> RA_link_1 -> RA_link_2 -> RA_link_3,0.01115 0 0.0797,,1.36503,0.000103332 -0.000217092 0.0401068,0.703488 -0.0129438 0.0135747 0.71046,0.000750106 0.000747245 0.000257401
RA_link_4,RA_link_3,4,base_link -> RA_link_1 -> RA_link_2 -> RA_link_3 -> RA_link_4,0 -0.04875 0.1478,,0.246311,-1.02695e-05 0.0494863 0.015605,0.602012 0.370099 -0.3713 0.602282,0.00016428 0.000135526 0.000118709
RA_link_5,RA_link_4,5,base_link -> RA_link_1 -> RA_link_2 -> RA_link_3 -> RA_link_4 -> RA_link_5,0 0.0443904 0.0656,,0.986828,-0.000223943 0.000114356 0.0698486,0.615448 0.0488004 0.0455833 0.785344,0.000509145 0.000505522 0.000204511
RA_link_6,RA_link_5,6,base_link -> RA_link_1 -> RA_link_2 -> RA_link_3 -> RA_link_4 -> RA_link_5 -> RA_link_6,0.038 0 0.20025,,0.262007,-0.0369963 -0.00377651 -5.11977e-08,0.447324 0.547617 -0.447342 0.547634,7.84219e-05 7.18493e-05 5.86975e-05
RA_link_7,RA_link_6,7,base_link -> RA_link_1 -> RA_link_2 -> RA_link_3 -> RA_link_4 -> RA_link_5 -> RA_link_6 -> RA_link_7,-0.038 0.02985 0,0.999048 0 -0.0436194 0,0.131751,-7.93279e-07 -0.0178482 0.0559116,0.695625 0.135126 -0.137099 0.692135,3.93248e-05 3.42338e-05 1.96929e-05
RA_hand_link,RA_link_7,8,base_link -> RA_link_1 -> RA_link_2 -> RA_link_3 -> RA_link_4 -> RA_link_5 -> RA_link_6 -> RA_link_7 -> RA_hand_link,0 -0.02985 0.084,0 -1 0 0,0.218186,0.009857 0.0023 -0.083281,0.66048 -0.273585 -0.259574 0.64926,0.000123359 7.94245e-05 7.13015e-05
RA_link_6_motor_crank_shaft,RA_link_5,6,base_link -> RA_link_1 -> RA_link_2 -> RA_link_3 -> RA_link_4 -> RA_link_5 -> RA_link_6_motor_crank_shaft,0.0425 0 0.11425,,0.0365296,0.000649365 -0.00256982 1.41571e-10,0.706721 0.706721 0.0233405 0.0233405,5.46024e-06 3.13321e-06 2.57808e-06
LA_link_1,base_link,1,base_link -> LA_link_1,0 0.177359 0.411308,0.130528 -0.991445 0 0,1.0327,0.00561107 -0.0391617 2.92927e-05,0.623087 0.621782 0.333896 0.33714,0.000322042 0.000304347 0.000185295
LA_link_2,LA_link_1,2,base_link -> LA_link_1 -> LA_link_2,0.0394996 -0.0525 0.000180133,0.999997 0 0.00228017 0,0.440997,-0.039086 -5.34217e-05 0.0141635,0.705996 -0.0447569 -0.0430415 0.705489,0.000263963 0.000253993 0.000230741
LA_link_3,LA_link_2,3,base_link -> LA_link_1 -> LA_link_2 -> LA_link_3,-0.0390411 0 0.0591464,,1.36503,-0.000639822 0.000196125 0.0603031,0.703053 0.00987087 -0.0168447 0.710869,0.000750118 0.000747244 0.000257389
LA_link_4,LA_link_3,4,base_link -> LA_link_1 -> LA_link_2 -> LA_link_3 -> LA_link_4,-0.00153226 0.048 0.167993,,0.246311,-0.000152432 -0.0487363 0.0155721,0.367619 0.600615 -0.602866 0.37506,0.000164149 0.000135526 0.000118839
LA_link_5,LA_link_4,5,base_link -> LA_link_1 -> LA_link_2 -> LA_link_3 -> LA_link_4 -> LA_link_5,-0.00059831 -0.0436404 0.0655973,,0.986828,0.00186565 -0.000157512 0.0978933,0.763668 0.0446517 0.0438612 0.642568,0.000476616 0.000471653 0.000172284
LA_link_6,LA_link_5,6,base_link -> LA_link_1 -> LA_link_2 -> LA_link_3 -> LA_link_4 -> LA_link_5 -> LA_link_6,0.036172 0 0.200588,0.0048375 -0.707089 0.707092 -0.00483752,0.262007,-0.000674778 0.0369725 -0.00394515,0.994685 -0.102557 -0.000894828 0.00906037,7.8422e-05 7.18493e-05 5.86976e-05
LA_link_7,LA_link_6,7,base_link -> LA_link_1 -> LA_link_2 -> LA_link_3 -> LA_link_4 -> LA_link_5 -> LA_link_6 -> LA_link_7,-0.000693135 0.0381294 0.0296764,,0.131751,0.0557784 -0.0039386 -0.0178308,0.0238314 0.829462 -0.0266842 0.557416,3.93261e-05 3.42323e-05 1.96931e-05
LA_hand_link,LA_link_7,8,base_link -> LA_link_1 -> LA_link_2 -> LA_link_3 -> LA_link_4 -> LA_link_5 -> LA_link_6 -> LA_link_7 -> LA_hand_link,0 0.02985 0.084,0 1 0 0,0.218186,0.0825737 0.0131434 0.00686028,0.569168 0.445862 -0.680948 0.116468,0.000123358 7.94247e-05 7.13014e-05
LA_link_6_crank_shaft,LA_link_5,6,base_link -> LA_link_1 -> LA_link_2 -> LA_link_3 -> LA_link_4 -> LA_link_5 -> LA_link_6_crank_shaft,0.0414562 0 0.114633,0.999048 0 -0.0436194 0,0.0365296,0.000647385 0.00256982 -5.06935e-05,0.707094 0.70527 0.00428376 -0.050929,5.46023e-06 3.1332e-06 2.57808e-06
hip_link,base_link,1,base_link -> hip_link,0 0 -0.0316317,0 1 0 0,5.639,-0.0510996 3.51326e-05 0.045365,0.487076 0.487022 -0.512673 0.512575,0.0113311 0.00998188 0.00428736
RL_link_1,hip_link,2,base_link -> hip_link -> RL_link_1,0.0694 0.13 0.078963,,0.672983,-0.0670872 -2.25033e-06 -0.00156429,1.34288e-08 0.715364 5.08641e-06 0.698752,0.000413813 0.000287553 0.000162962
RL_link_2,RL_link_1,3,base_link -> hip_link -> RL_link_1 -> RL_link_2,-0.0694 0 0.0275,,6.6708,0.000986697 0.00392012 0.0774711,0.636442 0.306708 0.302291 0.639915,0.00128497 0.00072119 0.000695573
RL_link_3,RL_link_2,4,base_link -> hip_link -> RL_link_1 -> RL_link_2 -> RL_link_3,0 -0.019 0.0885,,3.95191,0.00636714 0.0109533 0.138582,0.696378 -0.0197145 0.00438829 0.717391,0.00496296 0.00410653 0.00106383
RL_link_4,RL_link_3,5,base_link -> hip_link -> RL_link_1 -> RL_link_2 -> RL_link_3 -> RL_link_4,0 0.06 0.3,,2.31269,-0.0170439 -0.04 0.12131,0.695816 -0.125793 -0.125858 0.695828,4.11814e-05 2.25261e-05 2.24291e-05
RL_foot_pitch_link,RL_link_4,6,base_link -> hip_link -> RL_link_1 -> RL_link_2 -> RL_link_3 -> RL_link_4 -> RL_foot_pitch_link,-0.041752 -0.0214025 0.29708,0.998531 0 -0.0541797 0,0.111609,7.08391e-09 -0.0186001 0,0 0.707097 0 0.707116,1.96402e-06 1.42125e-06 1.33628e-06
RL_foot_roll_link,RL_foot_pitch_link,7,base_link -> hip_link -> RL_link_1 -> RL_link_2 -> RL_link_3 -> RL_link_4 -> RL_foot_pitch_link -> RL_foot_roll_link,0.0189 -0.0186 0,,1.01738,-0.00804512 -2.21117e-06 0.0331376,-1.04052e-05 0.677624 1.90883e-05 0.735409,0.00111468 0.000997938 0.000210421
RL_foot_pitch_crank,RL_link_4,6,base_link -> hip_link -> RL_link_1 -> RL_link_2 -> RL_link_3 -> RL_link_4 -> RL_foot_pitch_crank,-0.0118297 -0.004 0.0841728,0.998531 0 -0.0541797 0,0.0954001,-0.0099494 -0.0033059 -0.0139703,0.676309 0.224195 0.206414 0.670624,1.02464e-05 8.77554e-06 1.60142e-06
RL_foot_roll_crank,RL_link_4,6,base_link -> hip_link -> RL_link_1 -> RL_link_2 -> RL_link_3 -> RL_link_4 -> RL_foot_roll_crank,-0.0222677 -0.0087 0.158443,0.998531 0 -0.0541797 0,0.0954001,-0.0142131 -0.0639941 -0.00959937,0.620005 0.323506 0.339992 0.628764,1.02464e-05 8.77553e-06 1.60142e-06
RL_link_4_crank_shaft,RL_link_3,5,base_link -> hip_link -> RL_link_1 -> RL_link_2 -> RL_link_3 -> RL_link_4_crank_shaft,0 0.03125 0.135,,0.180586,-0.00821012 0.00107141 -0.0205291,0.714827 0.190734 0.0663405 0.669508,1.76778e-05 1.34359e-05 6.38075e-06
LL_link_1,hip_link,2,base_link -> hip_link -> LL_link_1,0.0694 -0.13 0.078963,,0.672983,-0.0703166 -2.36533e-06 -0.00164424,7.1219e-08 0.715273 5.03191e-06 0.698845,0.000410904 0.000284645 0.000157251
LL_link_2,LL_link_1,3,base_link -> hip_link -> LL_link_1 -> LL_link_2,-0.0694 0 0.023,,6.6708,0.000987319 -0.00390761 0.0819711,0.639906 0.302304 0.306723 0.636438,0.00128497 0.000721184 0.000695578
LL_link_3,LL_link_2,4,base_link -> hip_link -> LL_link_1 -> LL_link_2 -> LL_link_3,0 -0.029 0.093,,3.95191,0.00662499 0.0381037 0.138489,0.717281 0.00740139 -0.0154535 0.696574,0.00496929 0.00410415 0.00107493
LL_link_4,LL_link_3,5,base_link -> hip_link -> LL_link_1 -> LL_link_2 -> LL_link_3 -> LL_link_4,0 -0.0205 0.3,0.998531 0 -0.0541785 0,2.31269,-0.00311832 0.0490239 0.118121,0.70679 0.0268069 0.0268231 0.706406,5.97565e-05 3.37638e-05 3.20152e-05
LL_foot_pitch_link,LL_link_4,6,base_link -> hip_link -> LL_link_1 -> LL_link_2 -> LL_link_3 -> LL_link_4 -> LL_foot_pitch_link,-0.0093627 0.022 0.29985,0.998531 0 0.0541785 0,0.111609,-1.37593e-07 0.0275025 -1.49755e-08,1.16687e-05 0.667758 1.04676e-05 0.744379,1.96402e-06 1.42126e-06 1.33627e-06
LL_foot_roll_link,LL_foot_pitch_link,7,base_link -> hip_link -> LL_link_1 -> LL_link_2 -> LL_link_3 -> LL_link_4 -> LL_foot_pitch_link -> LL_foot_roll_link,0.027339 0.027503 0.0029755,0.998531 0 -0.0541785 0,1.01738,-0.0166451 -2.21116e-06 0.033421,-1.04053e-05 0.677624 1.90881e-05 0.735409,0.00111468 0.000997938 0.000210421
LL_foot_pitch_crank,LL_link_4,6,base_link -> hip_link -> LL_link_1 -> LL_link_2 -> LL_link_3 -> LL_link_4 -> LL_foot_pitch_crank,-0.0026528 0.0135 0.084959,,0.0954,-0.0157525 0.0033059 -0.00678365,0.585478 0.38091 0.396503 0.595741,1.02464e-05 8.77552e-06 1.60142e-06
LL_foot_roll_crank,LL_link_4,6,base_link -> hip_link -> LL_link_1 -> LL_link_2 -> LL_link_3 -> LL_link_4 -> LL_foot_roll_crank,-0.0049935 0.0855 0.15992,,0.0954,-0.0157525 -0.0033059 -0.00678365,0.595741 0.396503 0.38091 0.585479,1.02464e-05 8.77552e-06 1.60142e-06
LL_link_4_crank_shaft,LL_link_3,5,base_link -> hip_link -> LL_link_1 -> LL_link_2 -> LL_link_3 -> LL_link_4_crank_shaft,0 0.01775 0.135,,0.180586,-0.000693621 -0.0010714 -0.0220991,0.692458 -0.0587957 0.0715777 0.715487,1.76778e-05 1.34359e-05 6.38074e-06
hip_right_site_imu,hip_link,2,base_link -> hip_link -> hip_right_site_imu,-0.00982215 0.0464615 0.0181001,0 1 0 0,0.02,0.0116593 -5.56288e-05 0.00167794,0.00413005 0.707098 -0.00414086 0.707091,1.75997e-06 1.25429e-06 5.11346e-07
hip_left_site_imu,hip_link,2,base_link -> hip_link -> hip_left_site_imu,-0.00983762 -0.0465623 0.0181001,0 1 -0.000428667 0,0.02,0.0116593 -5.56288e-05 0.00167794,0.00413005 0.707098 -0.00414086 0.707091,1.75997e-06 1.25429e-06 5.11346e-07
hip_rear_site_imu,hip_link,2,base_link -> hip_link -> hip_rear_site_imu,-0.0439443 -0.0122978 0.0181001,0 0.707283 0.70693 0,0.02,0.0116594 -4.56329e-05 0.00167794,0.00382694 0.7071 -0.00383775 0.707093,1.75997e-06 1.25429e-06 5.11346e-07
vectornav_hip_front_site_imu,hip_link,2,base_link -> hip_link -> vectornav_hip_front_site_imu,0.0422998 1.01361e-05 0.0134154,0 -1 0 0,0.02,-0.00256495 7.54474e-06 0.00527997,0.500174 0.487948 -0.51206 0.499527,4.00252e-07 2.06946e-07 2.06798e-07
lower_chest_camera,base_link,1,base_link -> lower_chest_camera,0.09 0.001 0.051311,0.221938 -0.667938 0.674114 -0.22399,0.1,-0.0198653 -0.00144159 0.105862,-0.00427048 0.461431 0.00289366 0.887161,2.66284 2.18823 0.580097
upper_chest_front_camera,base_link,1,base_link -> upper_chest_front_camera,0.07985 -9.55e-05 0.43957,0.500398 0.5 0.499602 0.5,0.1,0.00524282 -0.000508247 0.0269309,0.707753 0.706447 -0.000933122 -0.00420148,0.000208415 0.000161155 7.29291e-05
upper_chest_rear_camera,base_link,1,base_link -> upper_chest_rear_camera,-0.11897 0 0.32728,0.223055 0.671301 -0.670766 -0.222878,0.1,0.202381 0.0015019 -0.271624,-0.0051585 0.878585 1.14985e-05 0.477559,2.66284 2.18823 0.580097
head_link_1,base_link,1,base_link -> head_link_1,-0.009 -0.0005 0.610868,0 -1 0 0,0.088397,0.000106142 0.00258928 -0.0122941,0.54845 0.836174 -0.00353043 -0.00165609,5.7082e-06 5.312e-06 1.84924e-06
head_link_2,head_link_1,2,base_link -> head_link_1 -> head_link_2,0 -0.0325 -0.03,,0.23046,0.000564357 0.0255029 5.73084e-05,-0.23714 0.630658 -0.2383 0.699463,1.80745e-05 1.78797e-05 1.55489e-05
head_link_3,head_link_2,3,base_link -> head_link_1 -> head_link_2 -> head_link_3,0.0305 0.0325 0,,0.844627,0.00294075 -1.36284e-05 -0.0314274,0.931985 -0.000122806 0.362497 0.000167991,0.00163398 0.00140629 0.000858623
head_link_3_crank_shaft,head_link_3,4,base_link -> head_link_1 -> head_link_2 -> head_link_3 -> head_link_3_crank_shaft,0.0035 0 -0.055,,0.00857831,-0.00164927 -0.00555231 -0.00229984,0.555561 0.831456 0.00315342 0.00471943,6.42983e-07 4.60598e-07 1.9635e-07
head_camera,head_link_3,4,base_link -> head_link_1 -> head_link_2 -> head_link_3 -> head_camera,0.0724504 0.00060815 -0.0134815,0.953717 0 -0.300706 0,0.1,-0.015251 -0.000751229 7.87368e-05,0.706735 0.707353 0.00958711 -0.00930935,1.38567e-05 1.31699e-05 1.72126e-06
